primary_offense,stacked_offense,covariate_term,odds_ratio,p_value,n_cases,covariate_set,null_model
FRAUD,TAX,C(defendant_race)[T.Black],0.3508,0.0,27064,race(White ref) + sex + citizenship + district + final_offense_level + criminal_history_category + mand_min_flag + fiscal_year_decade,logistic regression: has_secondary ~ race + sex + citizenship + C(district) + final_offense_level + criminal_history_category + mand_min_flag + C(fiscal_year_decade)
RACKET,OTHER,C(defendant_race)[T.Black],0.3609,0.0,8723,race(White ref) + sex + citizenship + district + final_offense_level + criminal_history_category + mand_min_flag + fiscal_year_decade,logistic regression: has_secondary ~ race + sex + citizenship + C(district) + final_offense_level + criminal_history_category + mand_min_flag + C(fiscal_year_decade)
RACKET,OTHER,C(defendant_race)[T.Hispanic],0.2795,0.0,8723,race(White ref) + sex + citizenship + district + final_offense_level + criminal_history_category + mand_min_flag + fiscal_year_decade,logistic regression: has_secondary ~ race + sex + citizenship + C(district) + final_offense_level + criminal_history_category + mand_min_flag + C(fiscal_year_decade)
DRUG,OTHER,C(defendant_race)[T.Hispanic],0.4704,0.0,127194,race(White ref) + sex + citizenship + district + final_offense_level + criminal_history_category + mand_min_flag + fiscal_year_decade,logistic regression: has_secondary ~ race + sex + citizenship + C(district) + final_offense_level + criminal_history_category + mand_min_flag + C(fiscal_year_decade)
DRUG,FRAUD,C(defendant_race)[T.Hispanic],0.2116,0.0,127194,race(White ref) + sex + citizenship + district + final_offense_level + criminal_history_category + mand_min_flag + fiscal_year_decade,logistic regression: has_secondary ~ race + sex + citizenship + C(district) + final_offense_level + criminal_history_category + mand_min_flag + C(fiscal_year_decade)
FIREARM,OTHER,C(defendant_race)[T.Black],0.3445,0.0,55250,race(White ref) + sex + citizenship + district + final_offense_level + criminal_history_category + mand_min_flag + fiscal_year_decade,logistic regression: has_secondary ~ race + sex + citizenship + C(district) + final_offense_level + criminal_history_category + mand_min_flag + C(fiscal_year_decade)
DRUG,VIOLENT,C(defendant_race)[T.Other],7.6585,0.0,127194,race(White ref) + sex + citizenship + district + final_offense_level + criminal_history_category + mand_min_flag + fiscal_year_decade,logistic regression: has_secondary ~ race + sex + citizenship + C(district) + final_offense_level + criminal_history_category + mand_min_flag + C(fiscal_year_decade)
FIREARM,OTHER,C(defendant_race)[T.Hispanic],0.5429,0.0,55250,race(White ref) + sex + citizenship + district + final_offense_level + criminal_history_category + mand_min_flag + fiscal_year_decade,logistic regression: has_secondary ~ race + sex + citizenship + C(district) + final_offense_level + criminal_history_category + mand_min_flag + C(fiscal_year_decade)
DRUG,FIREARM,C(defendant_race)[T.Black],1.3724,0.0,127194,race(White ref) + sex + citizenship + district + final_offense_level + criminal_history_category + mand_min_flag + fiscal_year_decade,logistic regression: has_secondary ~ race + sex + citizenship + C(district) + final_offense_level + criminal_history_category + mand_min_flag + C(fiscal_year_decade)
DRUG,FIREARM,C(defendant_race)[T.Hispanic],0.7457,0.0,127194,race(White ref) + sex + citizenship + district + final_offense_level + criminal_history_category + mand_min_flag + fiscal_year_decade,logistic regression: has_secondary ~ race + sex + citizenship + C(district) + final_offense_level + criminal_history_category + mand_min_flag + C(fiscal_year_decade)
FIREARM,VIOLENT,C(defendant_race)[T.Other],5.2093,0.0,55250,race(White ref) + sex + citizenship + district + final_offense_level + criminal_history_category + mand_min_flag + fiscal_year_decade,logistic regression: has_secondary ~ race + sex + citizenship + C(district) + final_offense_level + criminal_history_category + mand_min_flag + C(fiscal_year_decade)
DRUG,LAUNDER,C(defendant_race)[T.Other],1.9098,0.0,127194,race(White ref) + sex + citizenship + district + final_offense_level + criminal_history_category + mand_min_flag + fiscal_year_decade,logistic regression: has_secondary ~ race + sex + citizenship + C(district) + final_offense_level + criminal_history_category + mand_min_flag + C(fiscal_year_decade)
CONSPIRACY,OTHER,C(defendant_race)[T.Black],0.6323,0.0,10633,race(White ref) + sex + citizenship + district + final_offense_level + criminal_history_category + mand_min_flag + fiscal_year_decade,logistic regression: has_secondary ~ race + sex + citizenship + C(district) + final_offense_level + criminal_history_category + mand_min_flag + C(fiscal_year_decade)
FIREARM,RACKET,C(defendant_race)[T.Black],2.6246,3e-06,55250,race(White ref) + sex + citizenship + district + final_offense_level + criminal_history_category + mand_min_flag + fiscal_year_decade,logistic regression: has_secondary ~ race + sex + citizenship + C(district) + final_offense_level + criminal_history_category + mand_min_flag + C(fiscal_year_decade)
FRAUD,TAX,C(defendant_race)[T.Hispanic],0.432,4e-06,27064,race(White ref) + sex + citizenship + district + final_offense_level + criminal_history_category + mand_min_flag + fiscal_year_decade,logistic regression: has_secondary ~ race + sex + citizenship + C(district) + final_offense_level + criminal_history_category + mand_min_flag + C(fiscal_year_decade)
DRUG,FRAUD,C(defendant_race)[T.Black],0.5433,1e-05,127194,race(White ref) + sex + citizenship + district + final_offense_level + criminal_history_category + mand_min_flag + fiscal_year_decade,logistic regression: has_secondary ~ race + sex + citizenship + C(district) + final_offense_level + criminal_history_category + mand_min_flag + C(fiscal_year_decade)
DRUG,OTHER,C(defendant_race)[T.Black],0.6631,1.2e-05,127194,race(White ref) + sex + citizenship + district + final_offense_level + criminal_history_category + mand_min_flag + fiscal_year_decade,logistic regression: has_secondary ~ race + sex + citizenship + C(district) + final_offense_level + criminal_history_category + mand_min_flag + C(fiscal_year_decade)
ADMIN_JUST,OTHER,C(defendant_race)[T.Black],0.5401,3.5e-05,6999,race(White ref) + sex + citizenship + district + final_offense_level + criminal_history_category + mand_min_flag + fiscal_year_decade,logistic regression: has_secondary ~ race + sex + citizenship + C(district) + final_offense_level + criminal_history_category + mand_min_flag + C(fiscal_year_decade)
VIOLENT,OTHER,C(defendant_race)[T.Black],0.5872,0.000125,11063,race(White ref) + sex + citizenship + district + final_offense_level + criminal_history_category + mand_min_flag + fiscal_year_decade,logistic regression: has_secondary ~ race + sex + citizenship + C(district) + final_offense_level + criminal_history_category + mand_min_flag + C(fiscal_year_decade)
FIREARM,CONSPIRACY,C(defendant_race)[T.Hispanic],2.3935,0.000273,55250,race(White ref) + sex + citizenship + district + final_offense_level + criminal_history_category + mand_min_flag + fiscal_year_decade,logistic regression: has_secondary ~ race + sex + citizenship + C(district) + final_offense_level + criminal_history_category + mand_min_flag + C(fiscal_year_decade)
FIREARM,OTHER,C(defendant_race)[T.Other],0.4783,0.000347,55250,race(White ref) + sex + citizenship + district + final_offense_level + criminal_history_category + mand_min_flag + fiscal_year_decade,logistic regression: has_secondary ~ race + sex + citizenship + C(district) + final_offense_level + criminal_history_category + mand_min_flag + C(fiscal_year_decade)
SEX,OTHER,C(defendant_race)[T.Black],1.5618,0.000497,17580,race(White ref) + sex + citizenship + district + final_offense_level + criminal_history_category + mand_min_flag + fiscal_year_decade,logistic regression: has_secondary ~ race + sex + citizenship + C(district) + final_offense_level + criminal_history_category + mand_min_flag + C(fiscal_year_decade)
RACKET,CONSPIRACY,C(defendant_race)[T.Hispanic],0.3279,0.000555,8723,race(White ref) + sex + citizenship + district + final_offense_level + criminal_history_category + mand_min_flag + fiscal_year_decade,logistic regression: has_secondary ~ race + sex + citizenship + C(district) + final_offense_level + criminal_history_category + mand_min_flag + C(fiscal_year_decade)
ADMIN_JUST,OTHER,C(defendant_race)[T.Other],1.9743,0.000732,6999,race(White ref) + sex + citizenship + district + final_offense_level + criminal_history_category + mand_min_flag + fiscal_year_decade,logistic regression: has_secondary ~ race + sex + citizenship + C(district) + final_offense_level + criminal_history_category + mand_min_flag + C(fiscal_year_decade)
IMMIG,FRAUD,C(defendant_race)[T.Hispanic],0.3738,0.000864,149805,race(White ref) + sex + citizenship + district + final_offense_level + criminal_history_category + mand_min_flag + fiscal_year_decade,logistic regression: has_secondary ~ race + sex + citizenship + C(district) + final_offense_level + criminal_history_category + mand_min_flag + C(fiscal_year_decade)
DRUG,RACKET,C(defendant_race)[T.Hispanic],1.9395,0.001026,127194,race(White ref) + sex + citizenship + district + final_offense_level + criminal_history_category + mand_min_flag + fiscal_year_decade,logistic regression: has_secondary ~ race + sex + citizenship + C(district) + final_offense_level + criminal_history_category + mand_min_flag + C(fiscal_year_decade)
DRUG,IMMIG,C(defendant_race)[T.Hispanic],2.6735,0.001051,127194,race(White ref) + sex + citizenship + district + final_offense_level + criminal_history_category + mand_min_flag + fiscal_year_decade,logistic regression: has_secondary ~ race + sex + citizenship + C(district) + final_offense_level + criminal_history_category + mand_min_flag + C(fiscal_year_decade)
FIREARM,IMMIG,C(defendant_race)[T.Hispanic],7.599,0.001266,55250,race(White ref) + sex + citizenship + district + final_offense_level + criminal_history_category + mand_min_flag + fiscal_year_decade,logistic regression: has_secondary ~ race + sex + citizenship + C(district) + final_offense_level + criminal_history_category + mand_min_flag + C(fiscal_year_decade)
RACKET,CONSPIRACY,C(defendant_race)[T.Black],0.4126,0.001481,8723,race(White ref) + sex + citizenship + district + final_offense_level + criminal_history_category + mand_min_flag + fiscal_year_decade,logistic regression: has_secondary ~ race + sex + citizenship + C(district) + final_offense_level + criminal_history_category + mand_min_flag + C(fiscal_year_decade)
IMMIG,ADMIN_JUST,C(defendant_race)[T.Hispanic],0.3711,0.001533,149805,race(White ref) + sex + citizenship + district + final_offense_level + criminal_history_category + mand_min_flag + fiscal_year_decade,logistic regression: has_secondary ~ race + sex + citizenship + C(district) + final_offense_level + criminal_history_category + mand_min_flag + C(fiscal_year_decade)
VIOLENT,OTHER,C(defendant_race)[T.Hispanic],0.5988,0.0018,11063,race(White ref) + sex + citizenship + district + final_offense_level + criminal_history_category + mand_min_flag + fiscal_year_decade,logistic regression: has_secondary ~ race + sex + citizenship + C(district) + final_offense_level + criminal_history_category + mand_min_flag + C(fiscal_year_decade)
RACKET,ADMIN_JUST,C(defendant_race)[T.Black],0.3817,0.001843,8723,race(White ref) + sex + citizenship + district + final_offense_level + criminal_history_category + mand_min_flag + fiscal_year_decade,logistic regression: has_secondary ~ race + sex + citizenship + C(district) + final_offense_level + criminal_history_category + mand_min_flag + C(fiscal_year_decade)
LAUNDER,CONSPIRACY,C(defendant_race)[T.Hispanic],0.2949,0.002813,3376,race(White ref) + sex + citizenship + district + final_offense_level + criminal_history_category + mand_min_flag + fiscal_year_decade,logistic regression: has_secondary ~ race + sex + citizenship + C(district) + final_offense_level + criminal_history_category + mand_min_flag + C(fiscal_year_decade)
VIOLENT,OTHER,C(defendant_race)[T.Other],0.7134,0.00427,11063,race(White ref) + sex + citizenship + district + final_offense_level + criminal_history_category + mand_min_flag + fiscal_year_decade,logistic regression: has_secondary ~ race + sex + citizenship + C(district) + final_offense_level + criminal_history_category + mand_min_flag + C(fiscal_year_decade)
FRAUD,OTHER,C(defendant_race)[T.Black],0.8248,0.004322,27064,race(White ref) + sex + citizenship + district + final_offense_level + criminal_history_category + mand_min_flag + fiscal_year_decade,logistic regression: has_secondary ~ race + sex + citizenship + C(district) + final_offense_level + criminal_history_category + mand_min_flag + C(fiscal_year_decade)
FRAUD,LAUNDER,C(defendant_race)[T.Hispanic],0.7326,0.004906,27064,race(White ref) + sex + citizenship + district + final_offense_level + criminal_history_category + mand_min_flag + fiscal_year_decade,logistic regression: has_secondary ~ race + sex + citizenship + C(district) + final_offense_level + criminal_history_category + mand_min_flag + C(fiscal_year_decade)
FRAUD,ADMIN_JUST,C(defendant_race)[T.Other],0.4058,0.004975,27064,race(White ref) + sex + citizenship + district + final_offense_level + criminal_history_category + mand_min_flag + fiscal_year_decade,logistic regression: has_secondary ~ race + sex + citizenship + C(district) + final_offense_level + criminal_history_category + mand_min_flag + C(fiscal_year_decade)
LAUNDER,OTHER,C(defendant_race)[T.Hispanic],0.3908,0.006212,3376,race(White ref) + sex + citizenship + district + final_offense_level + criminal_history_category + mand_min_flag + fiscal_year_decade,logistic regression: has_secondary ~ race + sex + citizenship + C(district) + final_offense_level + criminal_history_category + mand_min_flag + C(fiscal_year_decade)
IMMIG,CONSPIRACY,C(defendant_race)[T.Hispanic],0.2978,0.006291,149805,race(White ref) + sex + citizenship + district + final_offense_level + criminal_history_category + mand_min_flag + fiscal_year_decade,logistic regression: has_secondary ~ race + sex + citizenship + C(district) + final_offense_level + criminal_history_category + mand_min_flag + C(fiscal_year_decade)
TAX,OTHER,C(defendant_race)[T.Black],0.2585,0.012574,2388,race(White ref) + sex + citizenship + district + final_offense_level + criminal_history_category + mand_min_flag + fiscal_year_decade,logistic regression: has_secondary ~ race + sex + citizenship + C(district) + final_offense_level + criminal_history_category + mand_min_flag + C(fiscal_year_decade)
DRUG,RACKET,C(defendant_race)[T.Black],1.5819,0.014204,127194,race(White ref) + sex + citizenship + district + final_offense_level + criminal_history_category + mand_min_flag + fiscal_year_decade,logistic regression: has_secondary ~ race + sex + citizenship + C(district) + final_offense_level + criminal_history_category + mand_min_flag + C(fiscal_year_decade)
SEX,OTHER,C(defendant_race)[T.Hispanic],1.3341,0.014323,17580,race(White ref) + sex + citizenship + district + final_offense_level + criminal_history_category + mand_min_flag + fiscal_year_decade,logistic regression: has_secondary ~ race + sex + citizenship + C(district) + final_offense_level + criminal_history_category + mand_min_flag + C(fiscal_year_decade)
LAUNDER,TAX,C(defendant_race)[T.Hispanic],0.0726,0.016557,3376,race(White ref) + sex + citizenship + district + final_offense_level + criminal_history_category + mand_min_flag + fiscal_year_decade,logistic regression: has_secondary ~ race + sex + citizenship + C(district) + final_offense_level + criminal_history_category + mand_min_flag + C(fiscal_year_decade)
LAUNDER,CONSPIRACY,C(defendant_race)[T.Black],0.3033,0.016933,3376,race(White ref) + sex + citizenship + district + final_offense_level + criminal_history_category + mand_min_flag + fiscal_year_decade,logistic regression: has_secondary ~ race + sex + citizenship + C(district) + final_offense_level + criminal_history_category + mand_min_flag + C(fiscal_year_decade)
FIREARM,SEX,C(defendant_race)[T.Black],0.4088,0.020106,55250,race(White ref) + sex + citizenship + district + final_offense_level + criminal_history_category + mand_min_flag + fiscal_year_decade,logistic regression: has_secondary ~ race + sex + citizenship + C(district) + final_offense_level + criminal_history_category + mand_min_flag + C(fiscal_year_decade)
IMMIG,ADMIN_JUST,C(defendant_race)[T.Other],3.1129,0.021281,149805,race(White ref) + sex + citizenship + district + final_offense_level + criminal_history_category + mand_min_flag + fiscal_year_decade,logistic regression: has_secondary ~ race + sex + citizenship + C(district) + final_offense_level + criminal_history_category + mand_min_flag + C(fiscal_year_decade)
IMMIG,LAUNDER,C(defendant_race)[T.Other],4.4875,0.025976,149805,race(White ref) + sex + citizenship + district + final_offense_level + criminal_history_category + mand_min_flag + fiscal_year_decade,logistic regression: has_secondary ~ race + sex + citizenship + C(district) + final_offense_level + criminal_history_category + mand_min_flag + C(fiscal_year_decade)
FRAUD,OTHER,C(defendant_race)[T.Other],0.7743,0.030177,27064,race(White ref) + sex + citizenship + district + final_offense_level + criminal_history_category + mand_min_flag + fiscal_year_decade,logistic regression: has_secondary ~ race + sex + citizenship + C(district) + final_offense_level + criminal_history_category + mand_min_flag + C(fiscal_year_decade)
FIREARM,FRAUD,C(defendant_race)[T.Hispanic],0.5564,0.03809,55250,race(White ref) + sex + citizenship + district + final_offense_level + criminal_history_category + mand_min_flag + fiscal_year_decade,logistic regression: has_secondary ~ race + sex + citizenship + C(district) + final_offense_level + criminal_history_category + mand_min_flag + C(fiscal_year_decade)
VIOLENT,CONSPIRACY,C(defendant_race)[T.Black],2.5321,0.039002,11063,race(White ref) + sex + citizenship + district + final_offense_level + criminal_history_category + mand_min_flag + fiscal_year_decade,logistic regression: has_secondary ~ race + sex + citizenship + C(district) + final_offense_level + criminal_history_category + mand_min_flag + C(fiscal_year_decade)
IMMIG,FRAUD,C(defendant_race)[T.Other],0.3145,0.039544,149805,race(White ref) + sex + citizenship + district + final_offense_level + criminal_history_category + mand_min_flag + fiscal_year_decade,logistic regression: has_secondary ~ race + sex + citizenship + C(district) + final_offense_level + criminal_history_category + mand_min_flag + C(fiscal_year_decade)
VIOLENT,CONSPIRACY,C(defendant_race)[T.Hispanic],2.95,0.041107,11063,race(White ref) + sex + citizenship + district + final_offense_level + criminal_history_category + mand_min_flag + fiscal_year_decade,logistic regression: has_secondary ~ race + sex + citizenship + C(district) + final_offense_level + criminal_history_category + mand_min_flag + C(fiscal_year_decade)
RACKET,OTHER,C(defendant_race)[T.Other],0.5374,0.044067,8723,race(White ref) + sex + citizenship + district + final_offense_level + criminal_history_category + mand_min_flag + fiscal_year_decade,logistic regression: has_secondary ~ race + sex + citizenship + C(district) + final_offense_level + criminal_history_category + mand_min_flag + C(fiscal_year_decade)
FRAUD,TAX,C(defendant_race)[T.Other],0.709,0.052075,27064,race(White ref) + sex + citizenship + district + final_offense_level + criminal_history_category + mand_min_flag + fiscal_year_decade,logistic regression: has_secondary ~ race + sex + citizenship + C(district) + final_offense_level + criminal_history_category + mand_min_flag + C(fiscal_year_decade)
VIOLENT,ADMIN_JUST,C(defendant_race)[T.Hispanic],2.0069,0.052753,11063,race(White ref) + sex + citizenship + district + final_offense_level + criminal_history_category + mand_min_flag + fiscal_year_decade,logistic regression: has_secondary ~ race + sex + citizenship + C(district) + final_offense_level + criminal_history_category + mand_min_flag + C(fiscal_year_decade)
FRAUD,ADMIN_JUST,C(defendant_race)[T.Black],0.7723,0.068972,27064,race(White ref) + sex + citizenship + district + final_offense_level + criminal_history_category + mand_min_flag + fiscal_year_decade,logistic regression: has_secondary ~ race + sex + citizenship + C(district) + final_offense_level + criminal_history_category + mand_min_flag + C(fiscal_year_decade)
DRUG,ADMIN_JUST,C(defendant_race)[T.Black],1.3599,0.071695,127194,race(White ref) + sex + citizenship + district + final_offense_level + criminal_history_category + mand_min_flag + fiscal_year_decade,logistic regression: has_secondary ~ race + sex + citizenship + C(district) + final_offense_level + criminal_history_category + mand_min_flag + C(fiscal_year_decade)
IMMIG,OTHER,C(defendant_race)[T.Hispanic],0.6611,0.075937,149805,race(White ref) + sex + citizenship + district + final_offense_level + criminal_history_category + mand_min_flag + fiscal_year_decade,logistic regression: has_secondary ~ race + sex + citizenship + C(district) + final_offense_level + criminal_history_category + mand_min_flag + C(fiscal_year_decade)
FIREARM,RACKET,C(defendant_race)[T.Other],0.1504,0.086827,55250,race(White ref) + sex + citizenship + district + final_offense_level + criminal_history_category + mand_min_flag + fiscal_year_decade,logistic regression: has_secondary ~ race + sex + citizenship + C(district) + final_offense_level + criminal_history_category + mand_min_flag + C(fiscal_year_decade)
FRAUD,CONSPIRACY,C(defendant_race)[T.Hispanic],1.2666,0.090859,27064,race(White ref) + sex + citizenship + district + final_offense_level + criminal_history_category + mand_min_flag + fiscal_year_decade,logistic regression: has_secondary ~ race + sex + citizenship + C(district) + final_offense_level + criminal_history_category + mand_min_flag + C(fiscal_year_decade)
IMMIG,CONSPIRACY,C(defendant_race)[T.Other],2.4348,0.091231,149805,race(White ref) + sex + citizenship + district + final_offense_level + criminal_history_category + mand_min_flag + fiscal_year_decade,logistic regression: has_secondary ~ race + sex + citizenship + C(district) + final_offense_level + criminal_history_category + mand_min_flag + C(fiscal_year_decade)
FIREARM,SEX,C(defendant_race)[T.Hispanic],0.3631,0.095248,55250,race(White ref) + sex + citizenship + district + final_offense_level + criminal_history_category + mand_min_flag + fiscal_year_decade,logistic regression: has_secondary ~ race + sex + citizenship + C(district) + final_offense_level + criminal_history_category + mand_min_flag + C(fiscal_year_decade)
DRUG,IMMIG,C(defendant_race)[T.Other],0.1734,0.096497,127194,race(White ref) + sex + citizenship + district + final_offense_level + criminal_history_category + mand_min_flag + fiscal_year_decade,logistic regression: has_secondary ~ race + sex + citizenship + C(district) + final_offense_level + criminal_history_category + mand_min_flag + C(fiscal_year_decade)
FIREARM,SEX,C(defendant_race)[T.Other],0.1618,0.097776,55250,race(White ref) + sex + citizenship + district + final_offense_level + criminal_history_category + mand_min_flag + fiscal_year_decade,logistic regression: has_secondary ~ race + sex + citizenship + C(district) + final_offense_level + criminal_history_category + mand_min_flag + C(fiscal_year_decade)
DRUG,ADMIN_JUST,C(defendant_race)[T.Other],1.6562,0.114179,127194,race(White ref) + sex + citizenship + district + final_offense_level + criminal_history_category + mand_min_flag + fiscal_year_decade,logistic regression: has_secondary ~ race + sex + citizenship + C(district) + final_offense_level + criminal_history_category + mand_min_flag + C(fiscal_year_decade)
FIREARM,VIOLENT,C(defendant_race)[T.Black],1.3793,0.124632,55250,race(White ref) + sex + citizenship + district + final_offense_level + criminal_history_category + mand_min_flag + fiscal_year_decade,logistic regression: has_secondary ~ race + sex + citizenship + C(district) + final_offense_level + criminal_history_category + mand_min_flag + C(fiscal_year_decade)
VIOLENT,CONSPIRACY,C(defendant_race)[T.Other],0.3499,0.125365,11063,race(White ref) + sex + citizenship + district + final_offense_level + criminal_history_category + mand_min_flag + fiscal_year_decade,logistic regression: has_secondary ~ race + sex + citizenship + C(district) + final_offense_level + criminal_history_category + mand_min_flag + C(fiscal_year_decade)
LAUNDER,RACKET,C(defendant_race)[T.Other],3.8942,0.130551,3376,race(White ref) + sex + citizenship + district + final_offense_level + criminal_history_category + mand_min_flag + fiscal_year_decade,logistic regression: has_secondary ~ race + sex + citizenship + C(district) + final_offense_level + criminal_history_category + mand_min_flag + C(fiscal_year_decade)
IMMIG,VIOLENT,C(defendant_race)[T.Other],4.1003,0.133753,149805,race(White ref) + sex + citizenship + district + final_offense_level + criminal_history_category + mand_min_flag + fiscal_year_decade,logistic regression: has_secondary ~ race + sex + citizenship + C(district) + final_offense_level + criminal_history_category + mand_min_flag + C(fiscal_year_decade)
DRUG,FIREARM,C(defendant_race)[T.Other],1.0957,0.147115,127194,race(White ref) + sex + citizenship + district + final_offense_level + criminal_history_category + mand_min_flag + fiscal_year_decade,logistic regression: has_secondary ~ race + sex + citizenship + C(district) + final_offense_level + criminal_history_category + mand_min_flag + C(fiscal_year_decade)
LAUNDER,RACKET,C(defendant_race)[T.Black],0.227,0.15561,3376,race(White ref) + sex + citizenship + district + final_offense_level + criminal_history_category + mand_min_flag + fiscal_year_decade,logistic regression: has_secondary ~ race + sex + citizenship + C(district) + final_offense_level + criminal_history_category + mand_min_flag + C(fiscal_year_decade)
TAX,OTHER,C(defendant_race)[T.Other],0.3358,0.156665,2388,race(White ref) + sex + citizenship + district + final_offense_level + criminal_history_category + mand_min_flag + fiscal_year_decade,logistic regression: has_secondary ~ race + sex + citizenship + C(district) + final_offense_level + criminal_history_category + mand_min_flag + C(fiscal_year_decade)
LAUNDER,ADMIN_JUST,C(defendant_race)[T.Black],0.2907,0.158077,3376,race(White ref) + sex + citizenship + district + final_offense_level + criminal_history_category + mand_min_flag + fiscal_year_decade,logistic regression: has_secondary ~ race + sex + citizenship + C(district) + final_offense_level + criminal_history_category + mand_min_flag + C(fiscal_year_decade)
ADMIN_JUST,OTHER,C(defendant_race)[T.Hispanic],0.8072,0.164396,6999,race(White ref) + sex + citizenship + district + final_offense_level + criminal_history_category + mand_min_flag + fiscal_year_decade,logistic regression: has_secondary ~ race + sex + citizenship + C(district) + final_offense_level + criminal_history_category + mand_min_flag + C(fiscal_year_decade)
DRUG,OTHER,C(defendant_race)[T.Other],0.8009,0.185226,127194,race(White ref) + sex + citizenship + district + final_offense_level + criminal_history_category + mand_min_flag + fiscal_year_decade,logistic regression: has_secondary ~ race + sex + citizenship + C(district) + final_offense_level + criminal_history_category + mand_min_flag + C(fiscal_year_decade)
DRUG,CONSPIRACY,C(defendant_race)[T.Black],1.339,0.196138,127194,race(White ref) + sex + citizenship + district + final_offense_level + criminal_history_category + mand_min_flag + fiscal_year_decade,logistic regression: has_secondary ~ race + sex + citizenship + C(district) + final_offense_level + criminal_history_category + mand_min_flag + C(fiscal_year_decade)
FIREARM,IMMIG,C(defendant_race)[T.Other],3.0105,0.203007,55250,race(White ref) + sex + citizenship + district + final_offense_level + criminal_history_category + mand_min_flag + fiscal_year_decade,logistic regression: has_secondary ~ race + sex + citizenship + C(district) + final_offense_level + criminal_history_category + mand_min_flag + C(fiscal_year_decade)
IMMIG,LAUNDER,C(defendant_race)[T.Hispanic],0.5314,0.205705,149805,race(White ref) + sex + citizenship + district + final_offense_level + criminal_history_category + mand_min_flag + fiscal_year_decade,logistic regression: has_secondary ~ race + sex + citizenship + C(district) + final_offense_level + criminal_history_category + mand_min_flag + C(fiscal_year_decade)
DRUG,CONSPIRACY,C(defendant_race)[T.Other],1.6879,0.206303,127194,race(White ref) + sex + citizenship + district + final_offense_level + criminal_history_category + mand_min_flag + fiscal_year_decade,logistic regression: has_secondary ~ race + sex + citizenship + C(district) + final_offense_level + criminal_history_category + mand_min_flag + C(fiscal_year_decade)
FRAUD,ADMIN_JUST,C(defendant_race)[T.Hispanic],0.7917,0.213104,27064,race(White ref) + sex + citizenship + district + final_offense_level + criminal_history_category + mand_min_flag + fiscal_year_decade,logistic regression: has_secondary ~ race + sex + citizenship + C(district) + final_offense_level + criminal_history_category + mand_min_flag + C(fiscal_year_decade)
IMMIG,CONSPIRACY,C(defendant_race)[T.Black],0.3717,0.220756,149805,race(White ref) + sex + citizenship + district + final_offense_level + criminal_history_category + mand_min_flag + fiscal_year_decade,logistic regression: has_secondary ~ race + sex + citizenship + C(district) + final_offense_level + criminal_history_category + mand_min_flag + C(fiscal_year_decade)
CONSPIRACY,OTHER,C(defendant_race)[T.Other],1.1202,0.256503,10633,race(White ref) + sex + citizenship + district + final_offense_level + criminal_history_category + mand_min_flag + fiscal_year_decade,logistic regression: has_secondary ~ race + sex + citizenship + C(district) + final_offense_level + criminal_history_category + mand_min_flag + C(fiscal_year_decade)
TAX,OTHER,C(defendant_race)[T.Hispanic],0.5582,0.283261,2388,race(White ref) + sex + citizenship + district + final_offense_level + criminal_history_category + mand_min_flag + fiscal_year_decade,logistic regression: has_secondary ~ race + sex + citizenship + C(district) + final_offense_level + criminal_history_category + mand_min_flag + C(fiscal_year_decade)
FIREARM,VIOLENT,C(defendant_race)[T.Hispanic],1.3121,0.295516,55250,race(White ref) + sex + citizenship + district + final_offense_level + criminal_history_category + mand_min_flag + fiscal_year_decade,logistic regression: has_secondary ~ race + sex + citizenship + C(district) + final_offense_level + criminal_history_category + mand_min_flag + C(fiscal_year_decade)
RACKET,VIOLENT,C(defendant_race)[T.Hispanic],0.7565,0.315695,8723,race(White ref) + sex + citizenship + district + final_offense_level + criminal_history_category + mand_min_flag + fiscal_year_decade,logistic regression: has_secondary ~ race + sex + citizenship + C(district) + final_offense_level + criminal_history_category + mand_min_flag + C(fiscal_year_decade)
RACKET,VIOLENT,C(defendant_race)[T.Black],0.7969,0.319495,8723,race(White ref) + sex + citizenship + district + final_offense_level + criminal_history_category + mand_min_flag + fiscal_year_decade,logistic regression: has_secondary ~ race + sex + citizenship + C(district) + final_offense_level + criminal_history_category + mand_min_flag + C(fiscal_year_decade)
FIREARM,CONSPIRACY,C(defendant_race)[T.Other],1.5248,0.326506,55250,race(White ref) + sex + citizenship + district + final_offense_level + criminal_history_category + mand_min_flag + fiscal_year_decade,logistic regression: has_secondary ~ race + sex + citizenship + C(district) + final_offense_level + criminal_history_category + mand_min_flag + C(fiscal_year_decade)
SEX,OTHER,C(defendant_race)[T.Other],1.1726,0.335834,17580,race(White ref) + sex + citizenship + district + final_offense_level + criminal_history_category + mand_min_flag + fiscal_year_decade,logistic regression: has_secondary ~ race + sex + citizenship + C(district) + final_offense_level + criminal_history_category + mand_min_flag + C(fiscal_year_decade)
LAUNDER,TAX,C(defendant_race)[T.Other],0.5517,0.344355,3376,race(White ref) + sex + citizenship + district + final_offense_level + criminal_history_category + mand_min_flag + fiscal_year_decade,logistic regression: has_secondary ~ race + sex + citizenship + C(district) + final_offense_level + criminal_history_category + mand_min_flag + C(fiscal_year_decade)
FIREARM,LAUNDER,C(defendant_race)[T.Black],0.6311,0.344552,55250,race(White ref) + sex + citizenship + district + final_offense_level + criminal_history_category + mand_min_flag + fiscal_year_decade,logistic regression: has_secondary ~ race + sex + citizenship + C(district) + final_offense_level + criminal_history_category + mand_min_flag + C(fiscal_year_decade)
IMMIG,OTHER,C(defendant_race)[T.Other],0.6231,0.356321,149805,race(White ref) + sex + citizenship + district + final_offense_level + criminal_history_category + mand_min_flag + fiscal_year_decade,logistic regression: has_secondary ~ race + sex + citizenship + C(district) + final_offense_level + criminal_history_category + mand_min_flag + C(fiscal_year_decade)
RACKET,ADMIN_JUST,C(defendant_race)[T.Hispanic],0.7366,0.358124,8723,race(White ref) + sex + citizenship + district + final_offense_level + criminal_history_category + mand_min_flag + fiscal_year_decade,logistic regression: has_secondary ~ race + sex + citizenship + C(district) + final_offense_level + criminal_history_category + mand_min_flag + C(fiscal_year_decade)
DRUG,LAUNDER,C(defendant_race)[T.Black],1.0571,0.378289,127194,race(White ref) + sex + citizenship + district + final_offense_level + criminal_history_category + mand_min_flag + fiscal_year_decade,logistic regression: has_secondary ~ race + sex + citizenship + C(district) + final_offense_level + criminal_history_category + mand_min_flag + C(fiscal_year_decade)
LAUNDER,TAX,C(defendant_race)[T.Black],0.6031,0.380823,3376,race(White ref) + sex + citizenship + district + final_offense_level + criminal_history_category + mand_min_flag + fiscal_year_decade,logistic regression: has_secondary ~ race + sex + citizenship + C(district) + final_offense_level + criminal_history_category + mand_min_flag + C(fiscal_year_decade)
FRAUD,RACKET,C(defendant_race)[T.Hispanic],1.6063,0.401362,27064,race(White ref) + sex + citizenship + district + final_offense_level + criminal_history_category + mand_min_flag + fiscal_year_decade,logistic regression: has_secondary ~ race + sex + citizenship + C(district) + final_offense_level + criminal_history_category + mand_min_flag + C(fiscal_year_decade)
FIREARM,ADMIN_JUST,C(defendant_race)[T.Black],0.8349,0.402499,55250,race(White ref) + sex + citizenship + district + final_offense_level + criminal_history_category + mand_min_flag + fiscal_year_decade,logistic regression: has_secondary ~ race + sex + citizenship + C(district) + final_offense_level + criminal_history_category + mand_min_flag + C(fiscal_year_decade)
FIREARM,IMMIG,C(defendant_race)[T.Black],1.7523,0.414992,55250,race(White ref) + sex + citizenship + district + final_offense_level + criminal_history_category + mand_min_flag + fiscal_year_decade,logistic regression: has_secondary ~ race + sex + citizenship + C(district) + final_offense_level + criminal_history_category + mand_min_flag + C(fiscal_year_decade)
DRUG,CONSPIRACY,C(defendant_race)[T.Hispanic],0.8217,0.415201,127194,race(White ref) + sex + citizenship + district + final_offense_level + criminal_history_category + mand_min_flag + fiscal_year_decade,logistic regression: has_secondary ~ race + sex + citizenship + C(district) + final_offense_level + criminal_history_category + mand_min_flag + C(fiscal_year_decade)
TAX,CONSPIRACY,C(defendant_race)[T.Other],1.8422,0.416274,2388,race(White ref) + sex + citizenship + district + final_offense_level + criminal_history_category + mand_min_flag + fiscal_year_decade,logistic regression: has_secondary ~ race + sex + citizenship + C(district) + final_offense_level + criminal_history_category + mand_min_flag + C(fiscal_year_decade)
FRAUD,CONSPIRACY,C(defendant_race)[T.Black],0.9118,0.424437,27064,race(White ref) + sex + citizenship + district + final_offense_level + criminal_history_category + mand_min_flag + fiscal_year_decade,logistic regression: has_secondary ~ race + sex + citizenship + C(district) + final_offense_level + criminal_history_category + mand_min_flag + C(fiscal_year_decade)
LAUNDER,OTHER,C(defendant_race)[T.Black],0.7771,0.43002,3376,race(White ref) + sex + citizenship + district + final_offense_level + criminal_history_category + mand_min_flag + fiscal_year_decade,logistic regression: has_secondary ~ race + sex + citizenship + C(district) + final_offense_level + criminal_history_category + mand_min_flag + C(fiscal_year_decade)
FRAUD,RACKET,C(defendant_race)[T.Black],1.4046,0.449924,27064,race(White ref) + sex + citizenship + district + final_offense_level + criminal_history_category + mand_min_flag + fiscal_year_decade,logistic regression: has_secondary ~ race + sex + citizenship + C(district) + final_offense_level + criminal_history_category + mand_min_flag + C(fiscal_year_decade)
IMMIG,LAUNDER,C(defendant_race)[T.Black],0.5426,0.46668,149805,race(White ref) + sex + citizenship + district + final_offense_level + criminal_history_category + mand_min_flag + fiscal_year_decade,logistic regression: has_secondary ~ race + sex + citizenship + C(district) + final_offense_level + criminal_history_category + mand_min_flag + C(fiscal_year_decade)
DRUG,LAUNDER,C(defendant_race)[T.Hispanic],0.9519,0.467644,127194,race(White ref) + sex + citizenship + district + final_offense_level + criminal_history_category + mand_min_flag + fiscal_year_decade,logistic regression: has_secondary ~ race + sex + citizenship + C(district) + final_offense_level + criminal_history_category + mand_min_flag + C(fiscal_year_decade)
FIREARM,CONSPIRACY,C(defendant_race)[T.Black],1.1614,0.480143,55250,race(White ref) + sex + citizenship + district + final_offense_level + criminal_history_category + mand_min_flag + fiscal_year_decade,logistic regression: has_secondary ~ race + sex + citizenship + C(district) + final_offense_level + criminal_history_category + mand_min_flag + C(fiscal_year_decade)
LAUNDER,CONSPIRACY,C(defendant_race)[T.Other],1.3105,0.503444,3376,race(White ref) + sex + citizenship + district + final_offense_level + criminal_history_category + mand_min_flag + fiscal_year_decade,logistic regression: has_secondary ~ race + sex + citizenship + C(district) + final_offense_level + criminal_history_category + mand_min_flag + C(fiscal_year_decade)
FRAUD,OTHER,C(defendant_race)[T.Hispanic],1.0573,0.511984,27064,race(White ref) + sex + citizenship + district + final_offense_level + criminal_history_category + mand_min_flag + fiscal_year_decade,logistic regression: has_secondary ~ race + sex + citizenship + C(district) + final_offense_level + criminal_history_category + mand_min_flag + C(fiscal_year_decade)
DRUG,VIOLENT,C(defendant_race)[T.Black],1.2196,0.515656,127194,race(White ref) + sex + citizenship + district + final_offense_level + criminal_history_category + mand_min_flag + fiscal_year_decade,logistic regression: has_secondary ~ race + sex + citizenship + C(district) + final_offense_level + criminal_history_category + mand_min_flag + C(fiscal_year_decade)
RACKET,ADMIN_JUST,C(defendant_race)[T.Other],0.627,0.54515,8723,race(White ref) + sex + citizenship + district + final_offense_level + criminal_history_category + mand_min_flag + fiscal_year_decade,logistic regression: has_secondary ~ race + sex + citizenship + C(district) + final_offense_level + criminal_history_category + mand_min_flag + C(fiscal_year_decade)
ADMIN_JUST,CONSPIRACY,C(defendant_race)[T.Black],1.3928,0.551215,6999,race(White ref) + sex + citizenship + district + final_offense_level + criminal_history_category + mand_min_flag + fiscal_year_decade,logistic regression: has_secondary ~ race + sex + citizenship + C(district) + final_offense_level + criminal_history_category + mand_min_flag + C(fiscal_year_decade)
ADMIN_JUST,CONSPIRACY,C(defendant_race)[T.Other],0.4668,0.553427,6999,race(White ref) + sex + citizenship + district + final_offense_level + criminal_history_category + mand_min_flag + fiscal_year_decade,logistic regression: has_secondary ~ race + sex + citizenship + C(district) + final_offense_level + criminal_history_category + mand_min_flag + C(fiscal_year_decade)
LAUNDER,RACKET,C(defendant_race)[T.Hispanic],0.5479,0.554224,3376,race(White ref) + sex + citizenship + district + final_offense_level + criminal_history_category + mand_min_flag + fiscal_year_decade,logistic regression: has_secondary ~ race + sex + citizenship + C(district) + final_offense_level + criminal_history_category + mand_min_flag + C(fiscal_year_decade)
VIOLENT,ADMIN_JUST,C(defendant_race)[T.Other],1.2357,0.562808,11063,race(White ref) + sex + citizenship + district + final_offense_level + criminal_history_category + mand_min_flag + fiscal_year_decade,logistic regression: has_secondary ~ race + sex + citizenship + C(district) + final_offense_level + criminal_history_category + mand_min_flag + C(fiscal_year_decade)
FRAUD,CONSPIRACY,C(defendant_race)[T.Other],1.111,0.565197,27064,race(White ref) + sex + citizenship + district + final_offense_level + criminal_history_category + mand_min_flag + fiscal_year_decade,logistic regression: has_secondary ~ race + sex + citizenship + C(district) + final_offense_level + criminal_history_category + mand_min_flag + C(fiscal_year_decade)
FRAUD,LAUNDER,C(defendant_race)[T.Black],1.0449,0.569554,27064,race(White ref) + sex + citizenship + district + final_offense_level + criminal_history_category + mand_min_flag + fiscal_year_decade,logistic regression: has_secondary ~ race + sex + citizenship + C(district) + final_offense_level + criminal_history_category + mand_min_flag + C(fiscal_year_decade)
IMMIG,VIOLENT,C(defendant_race)[T.Hispanic],1.3872,0.594807,149805,race(White ref) + sex + citizenship + district + final_offense_level + criminal_history_category + mand_min_flag + fiscal_year_decade,logistic regression: has_secondary ~ race + sex + citizenship + C(district) + final_offense_level + criminal_history_category + mand_min_flag + C(fiscal_year_decade)
RACKET,CONSPIRACY,C(defendant_race)[T.Other],0.7252,0.622431,8723,race(White ref) + sex + citizenship + district + final_offense_level + criminal_history_category + mand_min_flag + fiscal_year_decade,logistic regression: has_secondary ~ race + sex + citizenship + C(district) + final_offense_level + criminal_history_category + mand_min_flag + C(fiscal_year_decade)
LAUNDER,ADMIN_JUST,C(defendant_race)[T.Hispanic],0.733,0.627592,3376,race(White ref) + sex + citizenship + district + final_offense_level + criminal_history_category + mand_min_flag + fiscal_year_decade,logistic regression: has_secondary ~ race + sex + citizenship + C(district) + final_offense_level + criminal_history_category + mand_min_flag + C(fiscal_year_decade)
IMMIG,SEX,C(defendant_race)[T.Hispanic],1.4681,0.649115,149805,race(White ref) + sex + citizenship + district + final_offense_level + criminal_history_category + mand_min_flag + fiscal_year_decade,logistic regression: has_secondary ~ race + sex + citizenship + C(district) + final_offense_level + criminal_history_category + mand_min_flag + C(fiscal_year_decade)
FIREARM,LAUNDER,C(defendant_race)[T.Other],0.5868,0.657325,55250,race(White ref) + sex + citizenship + district + final_offense_level + criminal_history_category + mand_min_flag + fiscal_year_decade,logistic regression: has_secondary ~ race + sex + citizenship + C(district) + final_offense_level + criminal_history_category + mand_min_flag + C(fiscal_year_decade)
TAX,CONSPIRACY,C(defendant_race)[T.Hispanic],0.7125,0.658159,2388,race(White ref) + sex + citizenship + district + final_offense_level + criminal_history_category + mand_min_flag + fiscal_year_decade,logistic regression: has_secondary ~ race + sex + citizenship + C(district) + final_offense_level + criminal_history_category + mand_min_flag + C(fiscal_year_decade)
FIREARM,FRAUD,C(defendant_race)[T.Other],1.1854,0.674344,55250,race(White ref) + sex + citizenship + district + final_offense_level + criminal_history_category + mand_min_flag + fiscal_year_decade,logistic regression: has_secondary ~ race + sex + citizenship + C(district) + final_offense_level + criminal_history_category + mand_min_flag + C(fiscal_year_decade)
RACKET,VIOLENT,C(defendant_race)[T.Other],0.7805,0.677015,8723,race(White ref) + sex + citizenship + district + final_offense_level + criminal_history_category + mand_min_flag + fiscal_year_decade,logistic regression: has_secondary ~ race + sex + citizenship + C(district) + final_offense_level + criminal_history_category + mand_min_flag + C(fiscal_year_decade)
DRUG,IMMIG,C(defendant_race)[T.Black],0.8671,0.690583,127194,race(White ref) + sex + citizenship + district + final_offense_level + criminal_history_category + mand_min_flag + fiscal_year_decade,logistic regression: has_secondary ~ race + sex + citizenship + C(district) + final_offense_level + criminal_history_category + mand_min_flag + C(fiscal_year_decade)
DRUG,VIOLENT,C(defendant_race)[T.Hispanic],0.8836,0.718687,127194,race(White ref) + sex + citizenship + district + final_offense_level + criminal_history_category + mand_min_flag + fiscal_year_decade,logistic regression: has_secondary ~ race + sex + citizenship + C(district) + final_offense_level + criminal_history_category + mand_min_flag + C(fiscal_year_decade)
FIREARM,FRAUD,C(defendant_race)[T.Black],0.9327,0.726426,55250,race(White ref) + sex + citizenship + district + final_offense_level + criminal_history_category + mand_min_flag + fiscal_year_decade,logistic regression: has_secondary ~ race + sex + citizenship + C(district) + final_offense_level + criminal_history_category + mand_min_flag + C(fiscal_year_decade)
IMMIG,FRAUD,C(defendant_race)[T.Black],0.8766,0.727711,149805,race(White ref) + sex + citizenship + district + final_offense_level + criminal_history_category + mand_min_flag + fiscal_year_decade,logistic regression: has_secondary ~ race + sex + citizenship + C(district) + final_offense_level + criminal_history_category + mand_min_flag + C(fiscal_year_decade)
LAUNDER,OTHER,C(defendant_race)[T.Other],1.1289,0.731278,3376,race(White ref) + sex + citizenship + district + final_offense_level + criminal_history_category + mand_min_flag + fiscal_year_decade,logistic regression: has_secondary ~ race + sex + citizenship + C(district) + final_offense_level + criminal_history_category + mand_min_flag + C(fiscal_year_decade)
ADMIN_JUST,CONSPIRACY,C(defendant_race)[T.Hispanic],0.7924,0.741484,6999,race(White ref) + sex + citizenship + district + final_offense_level + criminal_history_category + mand_min_flag + fiscal_year_decade,logistic regression: has_secondary ~ race + sex + citizenship + C(district) + final_offense_level + criminal_history_category + mand_min_flag + C(fiscal_year_decade)
IMMIG,ADMIN_JUST,C(defendant_race)[T.Black],1.1332,0.773749,149805,race(White ref) + sex + citizenship + district + final_offense_level + criminal_history_category + mand_min_flag + fiscal_year_decade,logistic regression: has_secondary ~ race + sex + citizenship + C(district) + final_offense_level + criminal_history_category + mand_min_flag + C(fiscal_year_decade)
FIREARM,RACKET,C(defendant_race)[T.Hispanic],1.0809,0.778161,55250,race(White ref) + sex + citizenship + district + final_offense_level + criminal_history_category + mand_min_flag + fiscal_year_decade,logistic regression: has_secondary ~ race + sex + citizenship + C(district) + final_offense_level + criminal_history_category + mand_min_flag + C(fiscal_year_decade)
FIREARM,ADMIN_JUST,C(defendant_race)[T.Other],1.0769,0.851458,55250,race(White ref) + sex + citizenship + district + final_offense_level + criminal_history_category + mand_min_flag + fiscal_year_decade,logistic regression: has_secondary ~ race + sex + citizenship + C(district) + final_offense_level + criminal_history_category + mand_min_flag + C(fiscal_year_decade)
TAX,CONSPIRACY,C(defendant_race)[T.Black],1.0978,0.887693,2388,race(White ref) + sex + citizenship + district + final_offense_level + criminal_history_category + mand_min_flag + fiscal_year_decade,logistic regression: has_secondary ~ race + sex + citizenship + C(district) + final_offense_level + criminal_history_category + mand_min_flag + C(fiscal_year_decade)
FIREARM,ADMIN_JUST,C(defendant_race)[T.Hispanic],0.9628,0.893953,55250,race(White ref) + sex + citizenship + district + final_offense_level + criminal_history_category + mand_min_flag + fiscal_year_decade,logistic regression: has_secondary ~ race + sex + citizenship + C(district) + final_offense_level + criminal_history_category + mand_min_flag + C(fiscal_year_decade)
DRUG,FRAUD,C(defendant_race)[T.Other],0.9651,0.895466,127194,race(White ref) + sex + citizenship + district + final_offense_level + criminal_history_category + mand_min_flag + fiscal_year_decade,logistic regression: has_secondary ~ race + sex + citizenship + C(district) + final_offense_level + criminal_history_category + mand_min_flag + C(fiscal_year_decade)
IMMIG,OTHER,C(defendant_race)[T.Black],1.0373,0.908443,149805,race(White ref) + sex + citizenship + district + final_offense_level + criminal_history_category + mand_min_flag + fiscal_year_decade,logistic regression: has_secondary ~ race + sex + citizenship + C(district) + final_offense_level + criminal_history_category + mand_min_flag + C(fiscal_year_decade)
CONSPIRACY,OTHER,C(defendant_race)[T.Hispanic],0.9918,0.918225,10633,race(White ref) + sex + citizenship + district + final_offense_level + criminal_history_category + mand_min_flag + fiscal_year_decade,logistic regression: has_secondary ~ race + sex + citizenship + C(district) + final_offense_level + criminal_history_category + mand_min_flag + C(fiscal_year_decade)
DRUG,RACKET,C(defendant_race)[T.Other],1.0517,0.923953,127194,race(White ref) + sex + citizenship + district + final_offense_level + criminal_history_category + mand_min_flag + fiscal_year_decade,logistic regression: has_secondary ~ race + sex + citizenship + C(district) + final_offense_level + criminal_history_category + mand_min_flag + C(fiscal_year_decade)
IMMIG,VIOLENT,C(defendant_race)[T.Black],0.9183,0.926438,149805,race(White ref) + sex + citizenship + district + final_offense_level + criminal_history_category + mand_min_flag + fiscal_year_decade,logistic regression: has_secondary ~ race + sex + citizenship + C(district) + final_offense_level + criminal_history_category + mand_min_flag + C(fiscal_year_decade)
FRAUD,LAUNDER,C(defendant_race)[T.Other],1.0091,0.94026,27064,race(White ref) + sex + citizenship + district + final_offense_level + criminal_history_category + mand_min_flag + fiscal_year_decade,logistic regression: has_secondary ~ race + sex + citizenship + C(district) + final_offense_level + criminal_history_category + mand_min_flag + C(fiscal_year_decade)
FIREARM,LAUNDER,C(defendant_race)[T.Hispanic],1.0378,0.94989,55250,race(White ref) + sex + citizenship + district + final_offense_level + criminal_history_category + mand_min_flag + fiscal_year_decade,logistic regression: has_secondary ~ race + sex + citizenship + C(district) + final_offense_level + criminal_history_category + mand_min_flag + C(fiscal_year_decade)
DRUG,ADMIN_JUST,C(defendant_race)[T.Hispanic],0.99,0.957307,127194,race(White ref) + sex + citizenship + district + final_offense_level + criminal_history_category + mand_min_flag + fiscal_year_decade,logistic regression: has_secondary ~ race + sex + citizenship + C(district) + final_offense_level + criminal_history_category + mand_min_flag + C(fiscal_year_decade)
LAUNDER,ADMIN_JUST,C(defendant_race)[T.Other],1.0217,0.975424,3376,race(White ref) + sex + citizenship + district + final_offense_level + criminal_history_category + mand_min_flag + fiscal_year_decade,logistic regression: has_secondary ~ race + sex + citizenship + C(district) + final_offense_level + criminal_history_category + mand_min_flag + C(fiscal_year_decade)
VIOLENT,ADMIN_JUST,C(defendant_race)[T.Black],1.0066,0.981701,11063,race(White ref) + sex + citizenship + district + final_offense_level + criminal_history_category + mand_min_flag + fiscal_year_decade,logistic regression: has_secondary ~ race + sex + citizenship + C(district) + final_offense_level + criminal_history_category + mand_min_flag + C(fiscal_year_decade)
IMMIG,SEX,C(defendant_race)[T.Black],0.0,0.996063,149805,race(White ref) + sex + citizenship + district + final_offense_level + criminal_history_category + mand_min_flag + fiscal_year_decade,logistic regression: has_secondary ~ race + sex + citizenship + C(district) + final_offense_level + criminal_history_category + mand_min_flag + C(fiscal_year_decade)
IMMIG,SEX,C(defendant_race)[T.Other],0.0,0.996312,149805,race(White ref) + sex + citizenship + district + final_offense_level + criminal_history_category + mand_min_flag + fiscal_year_decade,logistic regression: has_secondary ~ race + sex + citizenship + C(district) + final_offense_level + criminal_history_category + mand_min_flag + C(fiscal_year_decade)
FRAUD,RACKET,C(defendant_race)[T.Other],0.0,0.99814,27064,race(White ref) + sex + citizenship + district + final_offense_level + criminal_history_category + mand_min_flag + fiscal_year_decade,logistic regression: has_secondary ~ race + sex + citizenship + C(district) + final_offense_level + criminal_history_category + mand_min_flag + C(fiscal_year_decade)
